{
    "root_group": {
        "id": "d41d8cd98f00b204e9800998ecf8427e",
        "groups": {},
        "checks": {
                "status is 200": {
                    "name": "status is 200",
                    "path": "::status is 200",
                    "id": "6210a8cd14cd70477eba5c5e4cb3fb5f",
                    "passes": 1,
                    "fails": 0
                }
            },
        "name": "",
        "path": ""
    },
    "metrics": {
        "http_req_connecting": {
            "avg": 0.316,
            "min": 0.316,
            "med": 0.316,
            "max": 0.316,
            "p(90)": 0.316,
            "p(95)": 0.316
        },
        "http_req_tls_handshaking": {
            "min": 0,
            "med": 0,
            "max": 0,
            "p(90)": 0,
            "p(95)": 0,
            "avg": 0
        },
        "http_reqs": {
            "count": 1,
            "rate": 9.433161335358317
        },
        "iteration_duration": {
            "p(95)": 105.860875,
            "avg": 105.860875,
            "min": 105.860875,
            "med": 105.860875,
            "max": 105.860875,
            "p(90)": 105.860875
        },
        "http_req_blocked": {
            "avg": 0.596,
            "min": 0.596,
            "med": 0.596,
            "max": 0.596,
            "p(90)": 0.596,
            "p(95)": 0.596
        },
        "http_req_waiting": {
            "avg": 3.937,
            "min": 3.937,
            "med": 3.937,
            "max": 3.937,
            "p(90)": 3.937,
            "p(95)": 3.937
        },
        "checks": {
            "passes": 1,
            "fails": 0,
            "value": 1
        },
        "http_req_failed": {
            "passes": 0,
            "fails": 1,
            "thresholds": {
                "rate<0.995": false
            },
            "value": 0
        },
        "failed_orders": {
            "count": 1,
            "rate": 9.433161335358317
        },
        "fail_duplicate_request": {
            "rate": 9.433161335358317,
            "count": 1
        },
        "http_req_sending": {
            "avg": 0.105,
            "min": 0.105,
            "med": 0.105,
            "max": 0.105,
            "p(90)": 0.105,
            "p(95)": 0.105
        },
        "data_received": {
            "count": 181,
            "rate": 1707.4022016998556
        },
        "http_req_duration": {
            "max": 4.075,
            "p(90)": 4.075,
            "p(95)": 4.075,
            "avg": 4.075,
            "min": 4.075,
            "med": 4.075,
            "thresholds": {
                "p(95)<1200": false
            }
        },
        "http_req_receiving": {
            "avg": 0.033,
            "min": 0.033,
            "med": 0.033,
            "max": 0.033,
            "p(90)": 0.033,
            "p(95)": 0.033
        },
        "iterations": {
            "count": 1,
            "rate": 9.433161335358317
        },
        "success_latency": {
            "avg": 0,
            "min": 0,
            "med": 0,
            "max": 0,
            "p(90)": 0,
            "p(95)": 0,
            "thresholds": {
                "p(95)<1200": false
            }
        },
        "http_req_duration{expected_response:true}": {
            "p(90)": 4.075,
            "p(95)": 4.075,
            "avg": 4.075,
            "min": 4.075,
            "med": 4.075,
            "max": 4.075
        },
        "data_sent": {
            "count": 154,
            "rate": 1452.706845645181
        }
    }
}