{
    "root_group": {
        "name": "",
        "path": "",
        "id": "d41d8cd98f00b204e9800998ecf8427e",
        "groups": {},
        "checks": {
                "status is 200": {
                    "path": "::status is 200",
                    "id": "6210a8cd14cd70477eba5c5e4cb3fb5f",
                    "passes": 5000,
                    "fails": 0,
                    "name": "status is 200"
                }
            }
    },
    "metrics": {
        "failed_orders": {
            "count": 4500,
            "rate": 3460.0187148567825
        },
        "fail_unknown": {
            "count": 4500,
            "rate": 3460.0187148567825
        },
        "http_req_duration": {
            "p(90)": 55.922,
            "p(95)": 81.39944999999999,
            "avg": 22.236600599999942,
            "min": 0.816,
            "med": 11.979,
            "max": 141.131,
            "thresholds": {
                "p(95)<1200": false
            }
        },
        "success_latency": {
            "avg": 70.91660800000002,
            "min": 9.244,
            "med": 71.75200000000001,
            "max": 139.324,
            "p(90)": 116.5771,
            "p(95)": 129.21429999999998,
            "thresholds": {
                "p(95)<1200": false
            }
        },
        "iterations": {
            "count": 5000,
            "rate": 3844.4652387297583
        },
        "http_req_failed": {
            "passes": 0,
            "fails": 5000,
            "thresholds": {
                "rate<0.995": false
            },
            "value": 0
        },
        "http_req_duration{expected_response:true}": {
            "min": 0.816,
            "med": 11.979,
            "max": 141.131,
            "p(90)": 55.922,
            "p(95)": 81.39944999999999,
            "avg": 22.236600599999942
        },
        "successful_orders": {
            "rate": 384.44652387297583,
            "count": 500
        },
        "checks": {
            "fails": 0,
            "passes": 5000,
            "value": 1
        },
        "http_req_sending": {
            "avg": 0.021299599999999173,
            "min": 0.001,
            "med": 0.004,
            "max": 0.774,
            "p(90)": 0.024,
            "p(95)": 0.11204999999999977
        },
        "data_received": {
            "count": 852020,
            "rate": 655112.2545405057
        },
        "http_reqs": {
            "count": 5000,
            "rate": 3844.4652387297583
        },
        "http_req_tls_handshaking": {
            "p(95)": 0,
            "avg": 0,
            "min": 0,
            "med": 0,
            "max": 0,
            "p(90)": 0
        },
        "http_req_blocked": {
            "avg": 2.092737200000276,
            "min": 0,
            "med": 0.002,
            "max": 61.832,
            "p(90)": 0.23570000000020724,
            "p(95)": 30.623199999999994
        },
        "iteration_duration": {
            "avg": 124.51619434220027,
            "min": 100.981917,
            "med": 112.1540835,
            "max": 246.595125,
            "p(90)": 163.3809459,
            "p(95)": 200.18557259999986
        },
        "http_req_connecting": {
            "med": 0,
            "max": 61.73,
            "p(90)": 0.19040000000021134,
            "p(95)": 30.6005,
            "avg": 2.0605666000000014,
            "min": 0
        },
        "http_req_receiving": {
            "max": 0.287,
            "p(90)": 0.028,
            "p(95)": 0.04,
            "avg": 0.01614260000000028,
            "min": 0.003,
            "med": 0.012
        },
        "vus": {
            "value": 500,
            "min": 500,
            "max": 500
        },
        "data_sent": {
            "count": 778915,
            "rate": 598902.3282850379
        },
        "http_req_waiting": {
            "min": 0.807,
            "med": 11.952,
            "max": 141.118,
            "p(90)": 55.8851,
            "p(95)": 81.19779999999997,
            "avg": 22.199158399999938
        },
        "vus_max": {
            "value": 500,
            "min": 500,
            "max": 500
        }
    }
}