{
    "root_group": {
        "name": "",
        "path": "",
        "id": "d41d8cd98f00b204e9800998ecf8427e",
        "groups": {},
        "checks": {
                "status is 200": {
                    "passes": 500,
                    "fails": 4500,
                    "name": "status is 200",
                    "path": "::status is 200",
                    "id": "6210a8cd14cd70477eba5c5e4cb3fb5f"
                }
            }
    },
    "metrics": {
        "checks": {
            "passes": 500,
            "fails": 4500,
            "value": 0.1
        },
        "http_req_duration{expected_response:true}": {
            "avg": 534.7192159999997,
            "min": 66.888,
            "med": 526.55,
            "max": 1057.402,
            "p(90)": 834.5305,
            "p(95)": 932.8553999999999
        },
        "data_received": {
            "count": 982500,
            "rate": 397731.7349038036
        },
        "success_latency": {
            "avg": 534.7192159999997,
            "min": 66.888,
            "med": 526.55,
            "max": 1057.402,
            "p(90)": 834.5305,
            "p(95)": 932.8553999999999,
            "thresholds": {
                "p(95)<1200": false
            }
        },
        "vus_max": {
            "value": 500,
            "min": 500,
            "max": 500
        },
        "http_req_blocked": {
            "avg": 1.6092322000001216,
            "min": 0,
            "med": 0.002,
            "max": 33.189,
            "p(90)": 0.34700000000028086,
            "p(95)": 5.1765999999999925
        },
        "http_req_duration": {
            "avg": 137.05399919999988,
            "min": 6.456,
            "med": 75.811,
            "max": 1057.402,
            "p(90)": 334.1831,
            "p(95)": 549.3600499999998,
            "thresholds": {
                "p(95)<1200": false
            }
        },
        "data_sent": {
            "count": 778924,
            "rate": 315320.90979970514
        },
        "fail_server_error": {
            "count": 4500,
            "rate": 1821.6720682616958
        },
        "http_req_waiting": {
            "avg": 137.00075000000032,
            "min": 6.447,
            "med": 75.7825,
            "max": 1057.124,
            "p(90)": 333.80460000000005,
            "p(95)": 548.7644999999999
        },
        "failed_orders": {
            "count": 4500,
            "rate": 1821.6720682616958
        },
        "http_req_failed": {
            "passes": 4500,
            "fails": 500,
            "thresholds": {
                "rate<0.995": false
            },
            "value": 0.9
        },
        "http_req_connecting": {
            "p(90)": 0.2607000000002894,
            "p(95)": 4.7032,
            "avg": 1.588126,
            "min": 0,
            "med": 0,
            "max": 32.63
        },
        "http_req_receiving": {
            "avg": 0.01868280000000032,
            "min": 0.004,
            "med": 0.012,
            "max": 0.445,
            "p(90)": 0.037,
            "p(95)": 0.049
        },
        "iteration_duration": {
            "min": 106.66075,
            "med": 176.1183335,
            "max": 1163.380125,
            "p(90)": 438.7316455000002,
            "p(95)": 664.8234648999993,
            "avg": 238.9590722289993
        },
        "successful_orders": {
            "count": 500,
            "rate": 202.40800758463288
        },
        "http_req_sending": {
            "p(90)": 0.029,
            "p(95)": 0.16709999999999955,
            "avg": 0.034566399999997756,
            "min": 0.001,
            "med": 0.004,
            "max": 2.194
        },
        "iterations": {
            "count": 5000,
            "rate": 2024.0800758463288
        },
        "vus": {
            "value": 500,
            "min": 500,
            "max": 500
        },
        "http_reqs": {
            "count": 5000,
            "rate": 2024.0800758463288
        },
        "http_req_tls_handshaking": {
            "p(95)": 0,
            "avg": 0,
            "min": 0,
            "med": 0,
            "max": 0,
            "p(90)": 0
        }
    }
}